{
  "Datasheet": {
    "id": "service functionalityError1",
    "service": {
      "name": "PG.1",
      "GlobalVariationPoint": {
        "OptionalVP": {
          "service": [
            { "name": "MM.13" },
            {
              "name": "MM.10",
              "GlobalVariationPoint": {
                "OptionalVP": {
                  "service": [
                    {
                      "name": "HI.13",
                      "require": {
                        "service": {
                          "name": "HI.11"
                        }
                      }

                    },
                    { "name": "MM.4" },
                    { "name": "HI.11",
                      "exclude": {
                        "service": {
                          "name": "HI.13"
                        }
                      }

                    }
                  ]
                }
              }

            }
          ]
        }
      }
    }
  }
}
